<?xml version="1.0"?>
<presentation guid="EFA0AA9F-07ED-4D26-A56A-C4794EE4BECB" version="0" availableOffline="1">
	<info>
		<title>TIN HOC TRUNG CAP</title>
		<description/>
	</info>
	<files index="id31" thumbnail="id166" totalSize="43340321">
		<file id="id28">lms.js</file>
		<file id="id29">data/goodbye.html</file>
		<file id="id31">index.html</file>
		<file id="id32">data/thmb1.png</file>
		<file id="id33">data/slide1.js</file>
		<file id="id34">data/slide1.css</file>
		<file id="id35">data/thmb2.png</file>
		<file id="id36">data/slide2.js</file>
		<file id="id37">data/slide2.css</file>
		<file id="id38">data/thmb3.png</file>
		<file id="id39">data/slide3.js</file>
		<file id="id40">data/slide3.css</file>
		<file id="id41">data/thmb4.png</file>
		<file id="id42">data/slide4.js</file>
		<file id="id43">data/slide4.css</file>
		<file id="id44">data/thmb5.png</file>
		<file id="id45">data/slide5.js</file>
		<file id="id46">data/slide5.css</file>
		<file id="id47">data/thmb6.png</file>
		<file id="id48">data/slide6.js</file>
		<file id="id49">data/slide6.css</file>
		<file id="id50">data/thmb7.jpg</file>
		<file id="id51">data/slide7.js</file>
		<file id="id52">data/slide7.css</file>
		<file id="id53">data/thmb8.png</file>
		<file id="id54">data/slide8.js</file>
		<file id="id55">data/slide8.css</file>
		<file id="id56">data/thmb9.png</file>
		<file id="id57">data/slide9.js</file>
		<file id="id58">data/slide9.css</file>
		<file id="id59">data/thmb10.png</file>
		<file id="id60">data/slide10.js</file>
		<file id="id61">data/slide10.css</file>
		<file id="id62">data/thmb11.png</file>
		<file id="id63">data/slide11.js</file>
		<file id="id64">data/slide11.css</file>
		<file id="id65">data/thmb12.png</file>
		<file id="id66">data/slide12.js</file>
		<file id="id67">data/slide12.css</file>
		<file id="id68">data/thmb13.png</file>
		<file id="id69">data/slide13.js</file>
		<file id="id70">data/slide13.css</file>
		<file id="id71">data/thmb14.png</file>
		<file id="id72">data/slide14.js</file>
		<file id="id73">data/slide14.css</file>
		<file id="id74">data/thmb15.png</file>
		<file id="id75">data/slide15.js</file>
		<file id="id76">data/slide15.css</file>
		<file id="id77">data/thmb16.png</file>
		<file id="id78">data/slide16.js</file>
		<file id="id79">data/slide16.css</file>
		<file id="id80">data/thmb17.png</file>
		<file id="id81">data/slide17.js</file>
		<file id="id82">data/slide17.css</file>
		<file id="id83">data/thmb18.png</file>
		<file id="id84">data/slide18.js</file>
		<file id="id85">data/slide18.css</file>
		<file id="id86">data/thmb19.png</file>
		<file id="id87">data/slide19.js</file>
		<file id="id88">data/slide19.css</file>
		<file id="id89">data/thmb20.png</file>
		<file id="id90">data/slide20.js</file>
		<file id="id91">data/slide20.css</file>
		<file id="id92">data/thmb21.png</file>
		<file id="id93">data/slide21.js</file>
		<file id="id94">data/slide21.css</file>
		<file id="id95">data/thmb22.png</file>
		<file id="id96">data/quiz1.js</file>
		<file id="id97">data/quiz1/fonts/fnt0.woff</file>
		<file id="id98">data/quiz1/fonts/fnt1.woff</file>
		<file id="id99">data/quiz1/fonts/fnt2.woff</file>
		<file id="id100">data/quiz1/images/quiz_bg_0.png</file>
		<file id="id101">data/video1.mp4</file>
		<file id="id102">data/quizplayer.js</file>
		<file id="id103">data/player.js</file>
		<file id="id108">data/browsersupport.js</file>
		<file id="id109">data/apple-touch-icon.png</file>
		<file id="id110">data/favicon.ico</file>
		<file id="id111">data/fnt0.woff</file>
		<file id="id112">data/fnt1.woff</file>
		<file id="id113">data/fnt10.woff</file>
		<file id="id114">data/fnt11.woff</file>
		<file id="id115">data/fnt12.woff</file>
		<file id="id116">data/fnt13.woff</file>
		<file id="id117">data/fnt2.woff</file>
		<file id="id118">data/fnt3.woff</file>
		<file id="id119">data/fnt4.woff</file>
		<file id="id120">data/fnt5.woff</file>
		<file id="id121">data/fnt6.woff</file>
		<file id="id122">data/fnt7.woff</file>
		<file id="id123">data/fnt8.woff</file>
		<file id="id124">data/fnt9.woff</file>
		<file id="id125">data/html5-unsupported.html</file>
		<file id="id126">data/html5.png</file>
		<file id="id127">data/img0.png</file>
		<file id="id128">data/img1.png</file>
		<file id="id129">data/img10.png</file>
		<file id="id130">data/img11.png</file>
		<file id="id131">data/img12.png</file>
		<file id="id132">data/img13.png</file>
		<file id="id133">data/img14.png</file>
		<file id="id134">data/img15.jpg</file>
		<file id="id135">data/img16.png</file>
		<file id="id136">data/img17.png</file>
		<file id="id137">data/img18.png</file>
		<file id="id138">data/img19.png</file>
		<file id="id139">data/img2.svg</file>
		<file id="id140">data/img20.png</file>
		<file id="id141">data/img21.jpg</file>
		<file id="id142">data/img22.jpg</file>
		<file id="id143">data/img23.jpg</file>
		<file id="id144">data/img24.png</file>
		<file id="id145">data/img25.png</file>
		<file id="id146">data/img26.jpg</file>
		<file id="id147">data/img27.jpg</file>
		<file id="id148">data/img28.png</file>
		<file id="id149">data/img29.jpg</file>
		<file id="id150">data/img3.png</file>
		<file id="id151">data/img30.jpg</file>
		<file id="id152">data/img31.png</file>
		<file id="id153">data/img32.png</file>
		<file id="id154">data/img33.svg</file>
		<file id="id155">data/img34.png</file>
		<file id="id156">data/img35.png</file>
		<file id="id157">data/img36.png</file>
		<file id="id158">data/img37.png</file>
		<file id="id159">data/img38.jpg</file>
		<file id="id160">data/img4.png</file>
		<file id="id161">data/img5.png</file>
		<file id="id162">data/img6.png</file>
		<file id="id163">data/img7.png</file>
		<file id="id164">data/img8.jpg</file>
		<file id="id165">data/img9.jpg</file>
		<file id="id166">data/ismplayer/preview.png</file>
	</files>
</presentation>
